algorithm,approach,iterations,keygen_mean_ms,keygen_median_ms,keygen_std_ms,private_key_bytes,protect_mean_ms,protect_median_ms,protect_std_ms,public_key_bytes,quantum_safe,recovery_mean_ms,recovery_median_ms,recovery_std_ms,sign_mean_ms,sign_median_ms,sign_std_ms,signature_bytes,total_mean_ms,verify_mean_ms,verify_median_ms,verify_std_ms
ECDSA-SECP256R1,Classical,3000,0.03770707867139814,0.033718500162649434,0.021101916295412155,241,,,,178,False,,,,0.27564991267839406,0.26379549944977043,0.04452071649759748,71,0.6215748403434798,0.3082178489936875,0.29686649941140786,0.03902152477235365
ML-DSA-65,Quantum-Safe (Lattice),3000,0.034467861657806985,0.032156999623111915,0.011903055307297683,4032,,,,1952,True,,,,1.1536930703223334,1.1269795004409389,0.13177622719523693,3309,2.2700248696619383,1.081863937681798,1.0581560009086388,0.08668142980569433
Falcon-512,Quantum-Safe (NTRU),3000,4.388615384667598,4.054552999150474,1.1040806204632003,1281,,,,897,True,,,,1.2273480609843925,1.195032999930845,0.089210972435837,651,6.703084479332878,1.0871210336808872,1.059845500094525,0.07878273308955863
SPHINCS+-SHA2-128f-simple,Quantum-Safe (Hash),3000,0.2309041720291134,0.22302449997368967,0.04656728987921949,64,,,,32,True,,,,5.921430071321083,5.8695234993138,0.23591541092599916,17088,6.838228673003566,0.6858944296533688,0.6666384997515706,0.06640169380534765
PBKDF2 + ECDH + ML-KEM-768 + AES-256-GCM + ECDSA + ML-DSA-65,Proposed Hybrid Vault,3000,17.505580075356193,17.39190900025278,0.6332512268199979,,6.7442357593408815,6.529708000016399,1.3937873549893198,,True,2.2118478620268434,2.172388500184752,0.1527333175080179,,,,,26.461663696723917,,,
